定义,数据类型,地址偏移量,
测试交互,Struct,0,
MES心跳,Bool,0,
允许测试,Bool,0.1,
测试状态,UInt,2,1:测试中；2:OK；4:NG
旋变1控制模式,Int,4,2:角度；4:回零；7:连续旋转；
旋变1转速,UInt,6,
旋变1角度,UInt,8,
旋变1启动,Bool,10,
旋变1允许启动,Bool,10.1,
旋变1角度完成,Bool,10.2,
旋变2控制模式,Int,12,2:角度；4:回零；7:连续旋转；
旋变2转速,UInt,14,
旋变2角度,UInt,16,
旋变2启动,Bool,18,
旋变2允许启动,Bool,18.1,
旋变2角度完成,Bool,18.2,
产品类型,UInt,20,
产品码,String[32],22,
动作流程,WString[15],56,
备用,Array[0..9] of Word,90,
管理模式,Struct,110,
蜂鸣器启用,Bool,110,
MES启动,Bool,110.1,
节能减排启用,Bool,110.2,
NG报警提示启用,Bool,110.3,
电机手动,Struct,112,
手自动切换,Bool,112,
主线电机正转,Bool,112.1,
主线电机反转,Bool,112.2,
横移电机正转,Bool,112.3,
横移电机反转,Bool,112.4,
支线电机正转,Bool,112.5,
支线电机反转,Bool,112.6,
Input,Struct,114,
I20.0,Bool,114,按钮_启动
I20.1,Bool,114.1,按钮_停止
I20.2,Bool,114.2,按钮_复位
I20.3,Bool,114.3,按钮_急停
I20.4,Bool,114.4,后安全门开门按钮
I20.5,Bool,114.5,备用
I20.6,Bool,114.6,备用
I20.7,Bool,114.7,气源检测信号
I21.0,Bool,115,安全门信号_前_左
I21.1,Bool,115.1,安全门信号_前_右
I21.2,Bool,115.2,安全门信号_后_左
I21.3,Bool,115.3,安全门信号_后_右
I21.4,Bool,115.4,电控箱门锁信号
I21.5,Bool,115.5,备用
I21.6,Bool,115.6,备用
I21.7,Bool,115.7,备用
I22.0,Bool,116,急停安全继电器信号
I22.1,Bool,116.1,前安全门继电器信号
I22.2,Bool,116.2,后安全门继电器信号
I22.3,Bool,116.3,电控箱安全继电器信号
I22.4,Bool,116.4,备用
I22.5,Bool,116.5,变频器报警
I22.6,Bool,116.6,备用
I22.7,Bool,116.7,备用
I23.0,Bool,117,备用
I23.1,Bool,117.1,备用
I23.2,Bool,117.2,备用
I23.3,Bool,117.3,备用
I23.4,Bool,117.4,备用
I23.5,Bool,117.5,备用
I23.6,Bool,117.6,备用
I23.7,Bool,117.7,备用
I100.0,Bool,118,缓存位托盘接近感应
I100.1,Bool,118.1,工作位托盘接近感应
I100.2,Bool,118.2,主线顶升下位
I100.3,Bool,118.3,支线托盘到位接近
I100.4,Bool,118.4,下夹具到位检测
I100.5,Bool,118.5,从支线出料到位
I100.6,Bool,118.6,SF1伺服电机原点
I100.7,Bool,118.7,备用
I101.0,Bool,119,缓存位托盘产品检测
I101.1,Bool,119.1,工作位托盘产品检测
I101.2,Bool,119.2,主线顶升上位
I101.3,Bool,119.3,支线托盘产品检测
I101.4,Bool,119.4,上夹具到位检测
I101.5,Bool,119.5,远程IO_0端口备用
I101.6,Bool,119.6,SF2伺服电机原点
I101.7,Bool,119.7,备用
I116.0,Bool,120,上夹具左UVW气缸上感应
I116.1,Bool,120.1,上夹具右UVW气缸上感应
I116.2,Bool,120.2,上夹具低压气缸原位感应
I116.3,Bool,120.3,上夹具高压气缸原位感应
I116.4,Bool,120.4,上夹具水头气缸原位感应
I116.5,Bool,120.5,上夹具进水头抱紧感应
I116.6,Bool,120.6,上夹具左U相温度报警
I116.7,Bool,120.7,备用
I117.0,Bool,121,上夹具左UVW气缸下感应
I117.1,Bool,121.1,上夹具右UVW气缸下感应
I117.2,Bool,121.2,上夹具低压气缸到位感应
I117.3,Bool,121.3,上夹具高压气缸到位感应
I117.4,Bool,121.4,上夹具水头气缸到位感应
I117.5,Bool,121.5,上夹具出水头抱紧感应
I117.6,Bool,121.6,上夹具右U相温度报警
I117.7,Bool,121.7,备用
I122.0,Bool,122,上夹具左V相温度报警
I122.1,Bool,122.1,上夹具左W相温度报警
I122.2,Bool,122.2,备用
I122.3,Bool,122.3,备用
I122.4,Bool,122.4,备用
I122.5,Bool,122.5,备用
I122.6,Bool,122.6,备用
I122.7,Bool,122.7,备用
I123.0,Bool,123,上夹具右V相温度报警
I123.1,Bool,123.1,上夹具右W相温度报警
I123.2,Bool,123.2,备用
I123.3,Bool,123.3,备用
I123.4,Bool,123.4,备用
I123.5,Bool,123.5,备用
I123.6,Bool,123.6,备用
I123.7,Bool,123.7,备用
I148.0,Bool,124,下夹具顶升气缸下感应
I148.1,Bool,124.1,下夹具左UVW气缸下感应
I148.2,Bool,124.2,下夹具右UVW气缸下感应
I148.3,Bool,124.3,备用
I148.4,Bool,124.4,备用
I148.5,Bool,124.5,备用
I148.6,Bool,124.6,备用
I148.7,Bool,124.7,备用
I149.0,Bool,125,下夹具顶升气缸上感应
I149.1,Bool,125.1,下夹具左UVW气缸上感应
I149.2,Bool,125.2,下夹具右UVW气缸上感应
I149.3,Bool,125.3,备用
I149.4,Bool,125.4,备用
I149.5,Bool,125.5,备用
I149.6,Bool,125.6,备用
I149.7,Bool,125.7,备用
I154.0,Bool,126,下夹具左U相温度报警
I154.1,Bool,126.1,下夹具左V相温度报警
I154.2,Bool,126.2,下夹具左W相温度报警
I154.3,Bool,126.3,备用
I154.4,Bool,126.4,备用
I154.5,Bool,126.5,备用
I154.6,Bool,126.6,备用
I154.7,Bool,126.7,备用
I155.0,Bool,127,下夹具右U相温度报警
I155.1,Bool,127.1,下夹具右V相温度报警
I155.2,Bool,127.2,下夹具右W相温度报警
I155.3,Bool,127.3,备用
I155.4,Bool,127.4,备用
I155.5,Bool,127.5,备用
I155.6,Bool,127.6,备用
I155.7,Bool,127.7,备用
Output,Struct,128,
Q20.0,Bool,128,按钮_启动灯
Q20.1,Bool,128.1,按钮_停止灯
Q20.2,Bool,128.2,按钮_复位灯
Q20.3,Bool,128.3,塔灯_红
Q20.4,Bool,128.4,塔灯_黄
Q20.5,Bool,128.5,塔灯_绿
Q20.6,Bool,128.6,塔灯_蜂鸣器
Q20.7,Bool,128.7,设备照明
Q21.0,Bool,129,安全门电磁阀_前_左
Q21.1,Bool,129.1,安全门电磁阀_前_右
Q21.2,Bool,129.2,安全门电磁阀_后_左
Q21.3,Bool,129.3,安全门电磁阀_后_右
Q21.4,Bool,129.4,后安全门开门按钮灯
Q21.5,Bool,129.5,电控箱锁上
Q21.6,Bool,129.6,总气源
Q21.7,Bool,129.7,备用
Q22.0,Bool,130,线体电机正转
Q22.1,Bool,130.1,线体电机反转
Q22.2,Bool,130.2,线体电机复位
Q22.3,Bool,130.3,横移电机正转
Q22.4,Bool,130.4,横移电机反转
Q22.5,Bool,130.5,支线电机正转
Q22.6,Bool,130.6,支线电机反转
Q22.7,Bool,130.7,测试灯蓝
Q23.0,Bool,131,测试灯绿
Q23.1,Bool,131.1,测试灯红
Q23.2,Bool,131.2,备用
Q23.3,Bool,131.3,备用
Q23.4,Bool,131.4,备用
Q23.5,Bool,131.5,备用
Q23.6,Bool,131.6,备用
Q23.7,Bool,131.7,备用
Q132.0,Bool,132,上夹具左UVW气缸上升
Q132.1,Bool,132.1,上夹具右UVW气缸上升
Q132.2,Bool,132.2,上夹具低压气缸原位
Q132.3,Bool,132.3,上夹具高压气缸原位
Q132.4,Bool,132.4,上夹具水头气缸原位
Q132.5,Bool,132.5,上夹具进水头松开
Q132.6,Bool,132.6,上夹具出水头松开
Q132.7,Bool,132.7,备用
Q133.0,Bool,133,上夹具左UVW气缸下降
Q133.1,Bool,133.1,上夹具右UVW气缸下降
Q133.2,Bool,133.2,上夹具低压气缸到位
Q133.3,Bool,133.3,上夹具高压气缸到位
Q133.4,Bool,133.4,上夹具水头气缸到位
Q133.5,Bool,133.5,上夹具进水头抱紧
Q133.6,Bool,133.6,上夹具出水头抱紧
Q133.7,Bool,133.7,备用
Q150.4,Bool,134,下夹具顶升气缸下降
Q150.5,Bool,134.1,下夹具左UVW气缸下降
Q150.6,Bool,134.2,下夹具右UVW气缸下降
Q150.7,Bool,134.3,备用
Q151.4,Bool,134.4,下夹具顶升气缸上升
Q151.5,Bool,134.5,下夹具左UVW气缸上升
Q151.6,Bool,134.6,下夹具右UVW气缸上升
Q151.7,Bool,134.7,备用
Q324.0,Bool,135,工作位阻挡气缸
Q324.1,Bool,135.1,缓存位阻挡气缸
Q324.2,Bool,135.2,主线顶升气缸上升
Q324.3,Bool,135.3,主线顶升气缸下降
Q324.4,Bool,135.4,备用
Q324.5,Bool,135.5,备用
Q324.6,Bool,135.6,备用
Q324.7,Bool,135.7,备用
Q325.0,Bool,136,备用
Q325.1,Bool,136.1,备用
Q325.2,Bool,136.2,备用
Q325.3,Bool,136.3,备用
Q325.4,Bool,136.4,备用
Q325.5,Bool,136.5,备用
Q325.6,Bool,136.6,备用
Q325.7,Bool,136.7,备用
Alarm,Struct,138,
设备与MES系统已断开连接,Bool,138,
MES进站指令超时报警,Bool,138.1,
MES过站指令超时报警,Bool,138.2,
MES产品绑定指令超时,Bool,138.3,
MES功能测试指令超时,Bool,138.4,
MES物料条码不匹配,Bool,138.5,
MES进站指令回复错误,Bool,138.6,
MES过站结果等待超时报警,Bool,138.7,
安全继电器异常报警,Bool,139,
设备发生了故障,Bool,139.1,
ET200掉线,Bool,139.2,
RFID掉线,Bool,139.3,
RFID主站掉线,Bool,139.4,
伺服驱动器旋变1掉线,Bool,139.5,
伺服驱动器旋变2掉线,Bool,139.6,
缓存位产品检测报警,Bool,139.7,
缓存位托盘检测报警,Bool,140,
工作位产品检测报警,Bool,140.1,
工作位托盘检测报警,Bool,140.2,
RFID读写头未感应到报警,Bool,140.3,
变频器报警,Bool,140.4,
托盘进站超时报警,Bool,140.5,
托盘出站超时报警,Bool,140.6,
急停报警,Bool,140.7,
气压报警,Bool,141,
安全门已被打开_前_左,Bool,141.1,
安全门已被打开_前_右,Bool,141.2,
安全门已被打开_后_左,Bool,141.3,
安全门已被打开_后_右,Bool,141.4,
电控箱已被打开,Bool,141.5,
初始化超时报警,Bool,141.6,
自动流程超时报警,Bool,141.7,
主线顶升下感应报警,Bool,142,
主线顶升上感应报警,Bool,142.1,
支线顶升下感应报警,Bool,142.2,
支线顶升上感应报警,Bool,142.3,
上夹具左UVW气缸上感应报警,Bool,142.4,
上夹具左UVW气缸下感应报警,Bool,142.5,
上夹具右UVW气缸上感应报警,Bool,142.6,
上夹具右UVW气缸下感应报警,Bool,142.7,
上夹具低压气缸初始位感应报警,Bool,143,
上夹具低压气缸工作位感应报警,Bool,143.1,
上夹具高压气缸初始位感应报警,Bool,143.2,
上夹具高压气缸工作位感应报警,Bool,143.3,
上夹具水头气缸初始位感应报警,Bool,143.4,
上夹具水头气缸工作位感应报警,Bool,143.5,
上夹具进水头松开报警,Bool,143.6,
上夹具进水头抱紧报警,Bool,143.7,
上夹具出水头松开报警,Bool,144,
上夹具出水头抱紧报警,Bool,144.1,
下夹具左UVW气缸上感应报警,Bool,144.2,
下夹具左UVW气缸下感应报警,Bool,144.3,
下夹具右UVW气缸上感应报警,Bool,144.4,
下夹具右UVW气缸下感应报警,Bool,144.5,
上夹具左U相温度报警,Bool,144.6,
上夹具左V相温度报警,Bool,144.7,
上夹具左W相温度报警,Bool,145,
上夹具右U相温度报警,Bool,145.1,
上夹具右V相温度报警,Bool,145.2,
上夹具右W相温度报警,Bool,145.3,
下夹具左U相温度报警,Bool,145.4,
下夹具左V相温度报警,Bool,145.5,
下夹具左W相温度报警,Bool,145.6,
下夹具右U相温度报警,Bool,145.7,
下夹具右V相温度报警,Bool,146,
下夹具右W相温度报警,Bool,146.1,
阻挡气缸-缓存-已到达使用寿命，请进行保养或是更换！,Bool,146.2,
阻挡气缸-已到达使用寿命，请进行保养或是更换！,Bool,146.3,
主线顶升气缸-已到达使用寿命，请进行保养或是更换！,Bool,146.4,
支线顶升气缸-已到达使用寿命，请进行保养或是更换！,Bool,146.5,
下夹具左UVW气缸-已到达使用寿命，请进行保养或是更换！,Bool,146.6,
下夹具右UVW气缸-已到达使用寿命，请进行保养或是更换！,Bool,146.7,
上夹具左UVW气缸-已到达使用寿命，请进行保养或是更换！,Bool,147,
上夹具右UVW气缸-已到达使用寿命，请进行保养或是更换！,Bool,147.1,
上夹具低压气缸-已到达使用寿命，请进行保养或是更换！,Bool,147.2,
上夹具高压气缸-已到达使用寿命，请进行保养或是更换！,Bool,147.3,
上夹具水头气缸-已到达使用寿命，请进行保养或是更换！,Bool,147.4,
上夹具进水头-已到达使用寿命，请进行保养或是更换！,Bool,147.5,
上夹具出水头-已到达使用寿命，请进行保养或是更换！,Bool,147.6,
备用_13,Bool,147.7,
备用_14,Bool,148,
备用_15,Bool,148.1,
备用_16,Bool,148.2,
备用_17,Bool,148.3,
备用_18,Bool,148.4,
Warning,Struct,150,
前左安全门打开警告,Bool,150,
前右安全门打开警告,Bool,150.1,
后左安全门打开警告,Bool,150.2,
后右安全门打开警告,Bool,150.3,
电控箱打开警告,Bool,150.4,
气缸互锁解除警告,Bool,150.5,
阻挡气缸-缓存-即将到达使用寿命，请尽快进行保养或是更换！,Bool,150.6,
阻挡气缸-即将到达使用寿命，请尽快进行保养或是更换！,Bool,150.7,
主线顶升气缸-即将到达使用寿命，请尽快进行保养或是更换！,Bool,151,
支线顶升气缸-即将到达使用寿命，请尽快进行保养或是更换！,Bool,151.1,
下夹具左UVW气缸-即将到达使用寿命，请尽快进行保养或是更换！,Bool,151.2,
下夹具右UVW气缸-即将到达使用寿命，请尽快进行保养或是更换！,Bool,151.3,
上夹具左UVW气缸-即将到达使用寿命，请尽快进行保养或是更换！,Bool,151.4,
上夹具右UVW气缸-即将到达使用寿命，请尽快进行保养或是更换！,Bool,151.5,
上夹具低压气缸-即将到达使用寿命，请尽快进行保养或是更换！,Bool,151.6,
上夹具高压气缸-即将到达使用寿命，请尽快进行保养或是更换！,Bool,151.7,
上夹具水头气缸-即将到达使用寿命，请尽快进行保养或是更换！,Bool,152,
上夹具进水头-即将到达使用寿命，请尽快进行保养或是更换！,Bool,152.1,
上夹具出水头-即将到达使用寿命，请尽快进行保养或是更换！,Bool,152.2,
